episode,timestep,episode_reward,episode_length,termination_reason
0,65,-3.619427653854048,65,collision
1,126,21.15641100968699,61.0,collision
2,1,128,-0.756814199189345,0.4828052604570985,94.73820845286052,0.2,-0.051000000000000004,77.15488235294117
