{"episode_counter": 13, "timestep_counter": 4072, "log_std": [-1.5350255966186523, -1.5350255966186523, -1.5350255966186523], "current_ep_reward": -49.20229865894962, "current_step_in_episode": 248.0}