{"episode_counter": 9, "timestep_counter": 1791, "log_std": [-1.578232765197754, -1.578232765197754, -1.578232765197754], "current_ep_reward": -0.8000000000000005, "current_step_in_episode": 80.0}