{"episode_counter": 6, "timestep_counter": 1779, "log_std": [-1.578232765197754, -1.578232765197754, -1.578232765197754], "current_ep_reward": 1.6169999999999987, "current_step_in_episode": 66.0}