{"episode_counter": 5, "timestep_counter": 1442, "log_std": [-1.583033561706543, -1.583033561706543, -1.583033561706543], "current_ep_reward": -72.48906192108075, "current_step_in_episode": 424.0}