episode,timestep,episode_reward,episode_length,termination_reason
0,42,-9.100000000000001,42,collision
1,113,-11.999999999999991,71.0,collision
2,1,128,-0.19706057674354976,0.8151186737749312,47.32517306009928,0.2,-0.1,-1.5000000000000002
2,207,-14.299999999999983,94.0,collision
3,2,256,-0.3118539055188497,0.4894408422211806,59.10230509440104,0.2,-0.1,-4.899999999999999
