{"episode_counter": 1, "timestep_counter": 253, "log_std": [-1.6070375442504883, -1.6070375442504883, -1.6070375442504883], "current_ep_reward": -233.18823529411694, "current_step_in_episode": 126.0}