{"episode_counter": 4, "timestep_counter": 1182, "log_std": [-1.587834358215332, -1.587834358215332, -1.587834358215332], "current_ep_reward": -10.970517951083467, "current_step_in_episode": 180.0}