episode,timestep,episode_reward,episode_length,action_std,termination_reason
0,127,-17.599999999999973,127,0.2,collision
1,1,128,-0.39541710540652275,0.8773441320906082,59.02028147379557,0.2,-220.68823529411765,-220.68823529411765
