{"episode_counter": 2, "timestep_counter": 703, "log_std": [-1.5974359512329102, -1.5974359512329102, -1.5974359512329102], "current_ep_reward": -27.405000000000005, "current_step_in_episode": 189.0}