{"episode_counter": 15, "timestep_counter": 3146, "log_std": [-1.551828384399414, -1.551828384399414, -1.551828384399414], "current_ep_reward": -6.408823529411757, "current_step_in_episode": 31.0}