{"episode_counter": 484, "timestep_counter": 15362, "log_std": [-1.3233364820480347, -1.3233568668365479, -1.323347806930542], "current_ep_reward": 6.368451749090932, "current_step_in_episode": 18.0}