{"episode_counter": 971, "timestep_counter": 30331, "log_std": [-1.0609493255615234, -1.0610194206237793, -1.0609532594680786], "current_ep_reward": 57.851033700348026, "current_step_in_episode": 20.0}