{"episode_counter": 36, "timestep_counter": 790, "log_std": [-1.5950355529785156, -1.5950355529785156, -1.5950355529785156], "current_ep_reward": -0.8049999999999999, "current_step_in_episode": 14.0}