{"episode_counter": 440, "timestep_counter": 14518, "log_std": [-1.3380777835845947, -1.3380781412124634, -1.3380779027938843], "current_ep_reward": 5.747371088603437, "current_step_in_episode": 27.0}