episode,step,timestep,actor_loss,critic_loss,entropy,action_std,step_reward,cumulative_reward
0,1,128,-0.24693087736765543,0.5422977184255918,59.02028147379557,0.2,-0.01,2.4064705882353086
0,130,-2.603529411764691,130,0.2,collision
1,2,256,-0.2748905022939046,0.5562561812500159,59.135500272115074,0.2,-0.01,6.112941176470609
1,340,0.28294117647062667,210.0,0.2,collision
2,3,384,-0.2991234337290128,0.46382657748957473,59.25071875254313,0.2,-0.01,-0.4400000000000002
2,4,512,-0.22753125056624413,0.464812650034825,59.36593882242838,0.2,-0.01,1.9664705882353104
2,521,0.5729411764706045,181.0,0.2,collision
3,5,640,-0.2782228986422221,0.4139162606249253,59.4811585744222,0.2,-0.01,-1.1900000000000008
3,6,768,-0.24445993329087892,0.513711487253507,59.59637705485026,0.2,-0.01,1.2164705882352995
