{"episode_counter": 1, "timestep_counter": 379, "log_std": [-1.6046371459960938, -1.6046371459960938, -1.6046371459960938], "current_ep_reward": -24.568823529412157, "current_step_in_episode": 251.0}