{"episode_counter": 10, "timestep_counter": 3050, "log_std": [-1.5542287826538086, -1.5542287826538086, -1.5542287826538086], "current_ep_reward": -2.010000000000001, "current_step_in_episode": 201.0}