{"episode_counter": 2, "timestep_counter": 15, "log_std": [-1.6094379425048828, -1.6094379425048828, -1.6094379425048828], "current_ep_reward": -0.565, "current_step_in_episode": 10.0}