{"episode_counter": 1, "timestep_counter": 212, "log_std": [-1.6070375442504883, -1.6070375442504883, -1.6070375442504883], "current_ep_reward": -0.8200000000000005, "current_step_in_episode": 82.0}