episode,step,timestep,actor_loss,critic_loss,entropy,action_std,step_reward,cumulative_reward
0,1,128,-0.25877299532294273,0.7168898358941078,59.02028147379557,0.2,-0.052000000000000005,48.822214265595925
0,130,43.76921426559593,130,0.2,collision
1,2,256,-0.3470249225695928,0.5167065064112345,59.135500272115074,0.2,-0.059,474.00505490847735
1,258,468.94505490847735,128.0,0.2,collision
2,375,407.8981944652785,117.0,0.2,collision
3,3,384,-0.31154702976346016,0.5610973872244358,59.25071875254313,0.2,-0.057999999999999996,-1.436
3,4,512,-0.23747295637925467,0.3837455324828625,59.36593882242838,0.2,-0.10600000000000001,12.422366506226641
3,523,74.18403631775774,148.0,0.2,collision
4,5,640,-0.3773888262609641,0.5548910930131873,59.4811585744222,0.2,-0.057999999999999996,224.98458386504413
