{"episode_counter": 6, "timestep_counter": 1280, "log_std": [-1.5854339599609375, -1.5854339599609375, -1.5854339599609375], "current_ep_reward": -0.10999999999999999, "current_step_in_episode": 11.0}