{"episode_counter": 1191, "timestep_counter": 79233, "log_std": [0.40546509623527527, 0.40546509623527527, 0.40546509623527527], "current_ep_reward": -0.10300000000000001, "current_step_in_episode": 2.0}