{"episode_counter": 10, "timestep_counter": 354, "log_std": [-1.6046371459960938, -1.6046371459960938, -1.6046371459960938], "current_ep_reward": 0.0, "current_step_in_episode": 0}