{"episode_counter": 3, "timestep_counter": 804, "log_std": [-1.5950355529785156, -1.5950355529785156, -1.5950355529785156], "current_ep_reward": 0.8564705882352992, "current_step_in_episode": 284.0}