{"episode_counter": 0, "timestep_counter": 0, "log_std": [-1.6094379425048828, -1.6094379425048828, -1.6094379425048828], "current_ep_reward": 0.0, "current_step_in_episode": 0}