{"episode_counter": 1, "timestep_counter": 162, "log_std": [-1.6070375442504883, -1.6070375442504883, -1.6070375442504883], "current_ep_reward": -223.98823529411746, "current_step_in_episode": 34.0}