episode,step,timestep,actor_loss,critic_loss,entropy,action_std,step_reward,cumulative_reward
0,1,128,-0.22862632075945535,0.6325840676824251,59.02028147379557,0.2,-0.05700000000000001,-9.694246310178249
0,138,-17.81949361241337,138,0.2,collision
1,2,256,-0.23910125096638998,0.537218534698089,59.135500272115074,0.2,-0.167,-13.752999999999998
1,345,-38.625318573310594,207.0,0.2,collision
2,3,384,-0.2603573091328144,0.4245308091243108,59.25071875254313,0.2,-0.08800000000000001,-3.6410000000000005
2,4,512,-0.2415881765385469,0.4412553496658802,59.36593882242838,0.2,-0.11099999999999999,-10.476678148716516
2,519,-20.926413916267443,174.0,0.2,collision
3,5,640,-0.2849896227320035,0.49804847066601116,59.4811585744222,0.2,-0.05700000000000001,-7.971717653233356
3,6,768,-0.24489069233338037,0.4824695326387882,59.59637705485026,0.2,-0.18500000000000003,-23.523717653233355
