episode,step,timestep,actor_loss,critic_loss,entropy,action_std,step_reward,cumulative_reward
0,1,64,4.3530005528679193e+24,0.48947199881076814,-24.383926391601562,0.2,-5.0,-21.099999999999994
0,2,128,7.678315503570254e+25,0.4328017979860306,-24.383926391601562,0.2,-0.1,-32.400000000000084
0,3,192,3.6443870997145594e+21,0.4709835261106491,-24.383926391601562,0.2,-0.1,-68.20000000000013
0,4,256,5.301542477841557e+27,0.4916067898273468,-24.383926391601562,0.2,-0.1,-74.59999999999977
0,5,320,6.973707866141624e+23,0.4954457491636276,-24.383926391601562,0.2,-0.1,-80.9999999999994
