{"episode_counter": 1, "timestep_counter": 354, "log_std": [-1.6046371459960938, -1.6046371459960938, -1.6046371459960938], "current_ep_reward": -2.239999999999996, "current_step_in_episode": 224.0}