{"episode_counter": 0, "timestep_counter": 126, "log_std": [-1.6094379425048828, -1.6094379425048828, -1.6094379425048828], "current_ep_reward": -17.49999999999997, "current_step_in_episode": 126}