{"episode_counter": 82, "timestep_counter": 7697, "log_std": [-1.465414047241211, -1.465414047241211, -1.465414047241211], "current_ep_reward": -0.1, "current_step_in_episode": 1.0}