{"episode_counter": 2, "timestep_counter": 900, "log_std": [-1.592635154724121, -1.592635154724121, -1.592635154724121], "current_ep_reward": -98.21500000000005, "current_step_in_episode": 130.0}