{"episode_counter": 2, "timestep_counter": 291, "log_std": [-1.6046371459960938, -1.6046371459960938, -1.6046371459960938], "current_ep_reward": -15.199999999999962, "current_step_in_episode": 152.0}