episode,step,timestep,actor_loss,critic_loss,entropy,action_std,step_reward,cumulative_reward
0,1,64,1.40716957216796e+28,0.11960487682372331,-24.383926391601562,0.2,-0.1,-6.399999999999993
0,2,128,3.339472359845698e+24,0.21853331476449966,-24.383926391601562,0.2,-0.1,-12.79999999999997
0,3,192,1.5726135391485723e+24,0.2679178636521101,-24.383926391601562,0.2,-0.1,-19.200000000000003
0,4,256,5.221491170170284e+23,0.20667559653520584,-24.383926391601562,0.2,-0.1,-25.600000000000094
0,5,320,8.125532798282402e+23,0.2714802972972393,-24.383926391601562,0.2,-0.1,-32.000000000000185
0,6,384,8.970156311073087e+26,0.3731303602457047,-24.383926391601562,0.2,-0.1,-38.400000000000276
0,7,448,6.728104249614158e+22,0.4351488709449768,-24.383926391601562,0.2,-0.1,-44.80000000000037
