{"episode_counter": 3, "timestep_counter": 305, "log_std": [-1.6052814722061157, -1.6052814722061157, -1.6052814722061157], "current_ep_reward": -9.799999999999981, "current_step_in_episode": 98.0}