{"episode_counter": 15, "timestep_counter": 1438, "log_std": [-1.583033561706543, -1.583033561706543, -1.583033561706543], "current_ep_reward": -8.900000000000002, "current_step_in_episode": 40.0}