{"episode_counter": 4, "timestep_counter": 1135, "log_std": [-1.5902347564697266, -1.5902347564697266, -1.5902347564697266], "current_ep_reward": -9.5, "current_step_in_episode": 46.0}