{"episode_counter": 3, "timestep_counter": 523, "log_std": [-1.5998363494873047, -1.5998363494873047, -1.5998363494873047], "current_ep_reward": 74.18403631775774, "current_step_in_episode": 148.0}