{"episode_counter": 3, "timestep_counter": 800, "log_std": [-1.5950355529785156, -1.5950355529785156, -1.5950355529785156], "current_ep_reward": -29.971717653233355, "current_step_in_episode": 281.0}