{"episode_counter": 11, "timestep_counter": 2846, "log_std": [-1.5566291809082031, -1.5566291809082031, -1.5566291809082031], "current_ep_reward": -4.167, "current_step_in_episode": 35.0}