episode,step,timestep,actor_loss,critic_loss,entropy,action_std,step_reward,cumulative_reward
0,1,128,-0.27964407578110695,0.6705008832116922,59.02028147379557,0.2,-0.01,-1.280000000000001
0,130,-6.290000000000001,130,0.2,collision
1,2,256,-0.26393524060646695,0.44971507290999096,59.135500272115074,0.2,-0.01,-1.260000000000001
1,3,384,-0.23936837911605835,0.44182435298959416,59.25071875254313,0.2,-0.01,-2.53999999999999
1,409,-7.779999999999985,279.0,0.2,collision
2,4,512,-0.26851684724291164,0.6280814645191034,59.36593882242838,0.2,-0.01,-1.0300000000000007
2,5,640,-0.24112656464179358,0.6432999471823374,59.4811585744222,0.2,-0.01,-2.3099999999999947
2,6,768,-0.24424971143404642,0.45980801184972125,59.59637705485026,0.2,-0.01,-3.5899999999999674
2,7,896,-0.2683553708096345,0.4679245923956235,59.71159648895264,0.2,-0.01,-4.869999999999941
