episode,step,timestep,actor_loss,critic_loss,entropy,action_std,step_reward,cumulative_reward
0,1,128,-0.39629697799682617,0.720406713274618,59.02028147379557,0.2,-0.01,2.4064705882352992
0,130,-2.6035294117647005,130,0.2,collision
