episode,step,timestep,actor_loss,critic_loss,entropy,action_std,step_reward,cumulative_reward
0,1,128,-0.2260550707578659,0.977219228943189,59.02028147379557,0.2,-5.0,-6.270000000000001
0,128,-6.270000000000001,128,0.2,collision
1,2,256,-0.24146734674771628,0.4964660381277402,59.135500272115074,0.2,-0.01,-23.338823529411965
