{"episode_counter": 327, "timestep_counter": 39689, "log_std": [-0.8653144836425781, -0.8653144836425781, -0.8653144836425781], "current_ep_reward": -1.0332895503175508, "current_step_in_episode": 22.0}