episode,step,timestep,actor_loss,critic_loss,entropy,action_std,step_reward,cumulative_reward
0,64,64,2.570929002761841,0.4655330715700984,-0.3809988498687744,0.2,-5.0,-138.69999999999987
