{"episode_counter": 12, "timestep_counter": 2832, "log_std": [-1.5566291809082031, -1.5566291809082031, -1.5566291809082031], "current_ep_reward": 0.6937031528857616, "current_step_in_episode": 316.0}