{"episode_counter": 2, "timestep_counter": 987, "log_std": [-1.592635154724121, -1.592635154724121, -1.592635154724121], "current_ep_reward": -5.779999999999921, "current_step_in_episode": 578.0}