{"episode_counter": 853, "timestep_counter": 58403, "log_std": [0.2239738255739212, 0.2239738255739212, 0.2239738255739212], "current_ep_reward": -0.10300000000000001, "current_step_in_episode": 2.0}