{"episode_counter": 2, "timestep_counter": 199, "log_std": [-0.8629140853881836, -0.8629140853881836, -0.8629140853881836], "current_ep_reward": 76.60908060878154, "current_step_in_episode": 73.0}