{"episode_counter": 4, "timestep_counter": 1303, "log_std": [-1.5854339599609375, -1.5854339599609375, -1.5854339599609375], "current_ep_reward": -54.67000000000001, "current_step_in_episode": 284.0}