episode,step,timestep,actor_loss,critic_loss,entropy,action_std,step_reward,cumulative_reward
0,1,128,-0.2330148828526338,0.6507621010144552,59.02028147379557,0.2,-0.17800000000000002,-14.655999999999999
0,130,-24.835,130,0.2,collision
1,2,256,-0.23825376480817795,0.40519142771760625,59.135500272115074,0.2,-0.17600000000000002,-14.300999999999998
1,3,384,-0.23345141485333443,0.4365544294317563,59.25071875254313,0.2,-0.30400000000000005,-45.085
1,4,512,-0.24072227254509926,0.4443567742904027,59.36593882242838,0.2,-0.43200000000000005,-92.25300000000006
1,514,-102.68600000000006,384.0,0.2,collision
2,5,640,-0.26527350892623264,0.5335632438460985,59.4811585744222,0.2,-0.17600000000000002,-14.300999999999998
